h1_dim,h2_dim,Average Rewards Mean
128,64,258.815
128,128,276.686
256,64,209.45059999999998
256,128,209.59640000000002
